<?xml version="1.0" encoding="UTF-8"?>
<w:WantList w:release="3.1" w:product="NIEM" w:nillableDefault="true"
  xmlns:ucr="http://release.niem.gov/niem/codes/fbi_ucr/3.0/"
  xmlns:w="http://niem.gov/niem/wantlist/2.2"
  xmlns:unece="http://release.niem.gov/niem/codes/unece_rec20/3.0/"
  xmlns:ncic="http://release.niem.gov/niem/codes/fbi_ncic/3.1/"
  xmlns:j="http://release.niem.gov/niem/domains/jxdm/5.1/"
  xmlns:ndex="http://release.niem.gov/niem/codes/fbi_ndex/3.1/" xmlns:nc="http://release.niem.gov/niem/niem-core/3.0/">
  <w:Element w:name="j:Arrest" w:isReference="false" w:nillable="false"/>
  <w:Element w:name="j:ArrestCategoryCode" w:isReference="false" w:nillable="false"/>
  <w:Element w:name="j:ArrestSubjectAssociation" w:isReference="false" w:nillable="true"/>
  <w:Element w:name="j:ArrestSubjectCount" w:isReference="false" w:nillable="true"/>
  <w:Element w:name="j:ArrestSubjectCountCode" w:isReference="false" w:nillable="true"/>
  <w:Element w:name="j:Arrestee" w:isReference="false" w:nillable="false"/>
  <w:Element w:name="j:ArresteeArmedWith" w:isReference="false" w:nillable="true"/>
  <w:Element w:name="j:ArresteeArmedWithCode" w:isReference="false" w:nillable="true"/>
  <w:Element w:name="j:ArresteeClearanceIndicator" w:isReference="false" w:nillable="true"/>
  <w:Element w:name="j:ArresteeJuvenileDispositionCode"
    w:isReference="false" w:nillable="true"/>
  <w:Element w:name="j:ChargeUCRCode" w:isReference="false" w:nillable="false"/>
  <w:Element w:name="j:CriminalActivityCategoryCode"
    w:isReference="false" w:nillable="false"/>
  <w:Element w:name="j:DrugCategoryCode" w:isReference="false" w:nillable="false"/>
  <w:Element w:name="j:EnforcementOfficial" w:isReference="false" w:nillable="false"/>
  <w:Element w:name="j:EnforcementOfficialActivityCategoryCode"
    w:isReference="false" w:nillable="false"/>
  <w:Element w:name="j:EnforcementOfficialAssignmentCategoryCode"
    w:isReference="false" w:nillable="false"/>
  <w:Element w:name="j:Firearm" w:isReference="false" w:nillable="false"/>
  <w:Element w:name="j:ForceCategoryCode" w:isReference="false" w:nillable="false"/>
  <w:Element w:name="j:IncidentAugmentation" w:isReference="false" w:nillable="true"/>
  <w:Element w:name="j:IncidentExceptionalClearanceCode"
    w:isReference="false" w:nillable="false"/>
  <w:Element w:name="j:IncidentStatusCode" w:isReference="false" w:nillable="false"/>
  <w:Element w:name="j:InjuryCategoryCode" w:isReference="false" w:nillable="false"/>
  <w:Element w:name="j:ItemCategoryNIBRSPropertyCategoryCode"
    w:isReference="false" w:nillable="false"/>
  <w:Element w:name="j:LocationCategoryCode" w:isReference="false" w:nillable="false"/>
  <w:Element w:name="j:Offense" w:isReference="false" w:nillable="false"/>
  <w:Element w:name="j:OffenseFactorBiasMotivationCode"
    w:isReference="false" w:nillable="false"/>
  <w:Element w:name="j:OffenseFactorCode" w:isReference="false" w:nillable="false"/>
  <w:Element w:name="j:OffenseFactorJustifiableHomicideCode"
    w:isReference="false" w:nillable="false"/>
  <w:Element w:name="j:OffenseFactorNIBRSAggravatedAssaultHomicideCode"
    w:isReference="false" w:nillable="false"/>
  <w:Element w:name="j:OffenseGangInvolvementCategoryCode"
    w:isReference="false" w:nillable="false"/>
  <w:Element w:name="j:OffenseLocationAssociation" w:isReference="false" w:nillable="true"/>
  <w:Element w:name="j:OffenseUCRCode" w:isReference="false" w:nillable="false"/>
  <w:Element w:name="j:OffenseVictimAssociation" w:isReference="false" w:nillable="false"/>
  <w:Element w:name="j:OrganizationAugmentation" w:isReference="false" w:nillable="true"/>
  <w:Element w:name="j:OrganizationORIIdentification"
    w:isReference="false" w:nillable="true"/>
  <w:Element w:name="j:PassagePointMethodCode" w:isReference="false" w:nillable="false"/>
  <w:Element w:name="j:PersonAugmentation" w:isReference="false" w:nillable="false"/>
  <w:Element w:name="j:PersonEthnicityCode" w:isReference="false" w:nillable="true"/>
  <w:Element w:name="j:PersonRaceNDExCode" w:isReference="false" w:nillable="false"/>
  <w:Element w:name="j:PersonResidentCode" w:isReference="false" w:nillable="false"/>
  <w:Element w:name="j:PersonSexCode" w:isReference="false" w:nillable="true"/>
  <w:Element w:name="j:Subject" w:isReference="false" w:nillable="false"/>
  <w:Element w:name="j:SubjectArmedWith" w:isReference="false" w:nillable="true"/>
  <w:Element w:name="j:SubjectArmedWithCode" w:isReference="false" w:nillable="false"/>
  <w:Element w:name="j:SubjectVictimAssociation" w:isReference="false" w:nillable="true"/>
  <w:Element w:name="j:SubstanceUnitCode" w:isReference="false" w:nillable="false"/>
  <w:Element w:name="j:Victim" w:isReference="false" w:nillable="false"/>
  <w:Element w:name="j:VictimAggravatedAssaultHomicideFactorCode"
    w:isReference="false" w:nillable="true"/>
  <w:Element w:name="j:VictimCategoryCode" w:isReference="false" w:nillable="false"/>
  <w:Element w:name="j:VictimInjury" w:isReference="false" w:nillable="false"/>
  <w:Element w:name="j:VictimJustifiableHomicideFactorCode"
    w:isReference="false" w:nillable="false"/>
  <w:Element w:name="j:VictimToSubjectRelationshipCode"
    w:isReference="false" w:nillable="false"/>
  <w:Element w:name="nc:ActivityDate" w:isReference="false" w:nillable="false"/>
  <w:Element w:name="nc:Agency" w:isReference="false" w:nillable="true"/>
  <w:Element w:name="nc:Date" w:isReference="false" w:nillable="false"/>
  <w:Element w:name="nc:DateTime" w:isReference="false" w:nillable="true"/>
  <w:Element w:name="nc:Incident" w:isReference="false" w:nillable="false"/>
  <w:Element w:name="nc:Injury" w:isReference="false" w:nillable="false"/>
  <w:Element w:name="nc:InjuryCategory" w:isReference="false" w:nillable="true"/>
  <w:Element w:name="nc:Item" w:isReference="false" w:nillable="false"/>
  <w:Element w:name="nc:Location" w:isReference="false" w:nillable="false"/>
  <w:Element w:name="nc:LocationCityName" w:isReference="false" w:nillable="true"/>
  <w:Element w:name="nc:MeasureDecimalValue" w:isReference="false" w:nillable="false"/>
  <w:Element w:name="nc:MeasureIntegerRange" w:isReference="false" w:nillable="false"/>
  <w:Element w:name="nc:MeasureIntegerValue" w:isReference="false" w:nillable="false"/>
  <w:Element w:name="nc:MeasurePoint" w:isReference="false" w:nillable="false"/>
  <w:Element w:name="nc:MeasureRange" w:isReference="false" w:nillable="false"/>
  <w:Element w:name="nc:Organization" w:isReference="false" w:nillable="false"/>
  <w:Element w:name="nc:Person" w:isReference="false" w:nillable="true"/>
  <w:Element w:name="nc:Substance" w:isReference="false" w:nillable="false"/>
  <w:Element w:name="nc:TimeUnitCode" w:isReference="false" w:nillable="false"/>
  <w:Element w:name="nc:YearMonthDate" w:isReference="false" w:nillable="true"/>
  <w:Type w:name="j:ActivitySubjectAssociationType" w:isRequested="false">
    <w:ElementInType w:name="nc:Activity" w:isReference="false"
      w:minOccurs="0" w:maxOccurs="unbounded"/>
    <w:ElementInType w:name="j:Subject" w:isReference="false"
      w:minOccurs="0" w:maxOccurs="unbounded"/>
  </w:Type>
  <w:Type w:name="j:ArrestType" w:isRequested="false">
    <w:ElementInType w:name="j:ArrestCharge" w:isReference="false"
      w:minOccurs="0" w:maxOccurs="unbounded"/>
    <w:ElementInType w:name="j:ArrestSequenceID" w:isReference="false"
      w:minOccurs="0" w:maxOccurs="unbounded"/>
    <w:ElementInType w:name="j:ArrestSubject" w:isReference="false"
      w:minOccurs="0" w:maxOccurs="unbounded"/>
    <w:ElementInType w:name="j:ArrestCategory" w:isReference="false"
      w:minOccurs="0" w:maxOccurs="unbounded"/>
    <w:ElementInType w:name="j:ArrestSubjectCount" w:isReference="false"
      w:minOccurs="0" w:maxOccurs="unbounded"/>
  </w:Type>
  <w:Type w:name="j:ArresteeType" w:isRequested="true">
    <w:ElementInType w:name="j:ArrestSequenceID" w:isReference="false"
      w:minOccurs="0" w:maxOccurs="unbounded"/>
    <w:ElementInType w:name="j:ArresteeClearanceIndicator"
      w:isReference="false" w:minOccurs="0" w:maxOccurs="unbounded"/>
    <w:ElementInType w:name="j:ArresteeArmedWith" w:isReference="false"
      w:minOccurs="0" w:maxOccurs="unbounded"/>
    <w:ElementInType w:name="j:ArresteeJuvenileDisposition"
      w:isReference="false" w:minOccurs="0" w:maxOccurs="unbounded"/>
    <w:ElementInType w:name="j:ArrestSubjectCount" w:isReference="false"
      w:minOccurs="0" w:maxOccurs="unbounded"/>
  </w:Type>
  <w:Type w:name="j:ChargeType" w:isRequested="false">
    <w:ElementInType w:name="j:ChargeUCR" w:isReference="false"
      w:minOccurs="0" w:maxOccurs="unbounded"/>
  </w:Type>
  <w:Type w:name="j:EnforcementOfficialType" w:isRequested="false">
    <w:ElementInType w:name="nc:RoleOfPerson" w:isReference="false"
      w:minOccurs="0" w:maxOccurs="unbounded"/>
    <w:ElementInType w:name="j:EnforcementOfficialActivityCategory"
      w:isReference="false" w:minOccurs="0" w:maxOccurs="unbounded"/>
    <w:ElementInType w:name="j:EnforcementOfficialAssignmentCategory"
      w:isReference="false" w:minOccurs="0" w:maxOccurs="unbounded"/>
    <w:ElementInType w:name="j:EnforcementOfficialUnit"
      w:isReference="false" w:minOccurs="0" w:maxOccurs="unbounded"/>
  </w:Type>
  <w:Type w:name="j:FirearmType" w:isRequested="false">
    <w:ElementInType w:name="j:FirearmAutomaticIndicator"
      w:isReference="false" w:minOccurs="0" w:maxOccurs="unbounded"/>
  </w:Type>
  <w:Type w:name="j:ForceType" w:isRequested="false">
    <w:ElementInType w:name="j:ForceCategory" w:isReference="false"
      w:minOccurs="0" w:maxOccurs="unbounded"/>
  </w:Type>
  <w:Type w:name="j:IncidentAugmentationType" w:isRequested="false">
    <w:ElementInType w:name="j:IncidentExceptionalClearance"
      w:isReference="false" w:minOccurs="0" w:maxOccurs="unbounded"/>
    <w:ElementInType w:name="j:IncidentExceptionalClearanceDate"
      w:isReference="false" w:minOccurs="0" w:maxOccurs="unbounded"/>
    <w:ElementInType w:name="j:IncidentRecoveredVehicleQuantity"
      w:isReference="false" w:minOccurs="0" w:maxOccurs="unbounded"/>
    <w:ElementInType w:name="j:IncidentStolenVehicleQuantity"
      w:isReference="false" w:minOccurs="0" w:maxOccurs="unbounded"/>
  </w:Type>
  <w:Type w:name="j:OffenseFactorType" w:isRequested="false">
    <w:ElementInType w:name="j:OffenseFactorDesignation"
      w:isReference="false" w:minOccurs="0" w:maxOccurs="unbounded"/>
  </w:Type>
  <w:Type w:name="j:OffenseLocationAssociationType" w:isRequested="false">
    <w:ElementInType w:name="j:Offense" w:isReference="false"
      w:minOccurs="0" w:maxOccurs="unbounded"/>
    <w:ElementInType w:name="nc:Location" w:isReference="false"
      w:minOccurs="0" w:maxOccurs="unbounded"/>
  </w:Type>
  <w:Type w:name="j:OffenseType" w:isRequested="true">
    <w:ElementInType w:name="j:OffenseDesignation" w:isReference="false"
      w:minOccurs="0" w:maxOccurs="unbounded"/>
    <w:ElementInType w:name="j:CriminalActivityCategory"
      w:isReference="false" w:minOccurs="0" w:maxOccurs="unbounded"/>
    <w:ElementInType w:name="j:OffenseFactorBiasMotivation"
      w:isReference="false" w:minOccurs="0" w:maxOccurs="unbounded"/>
    <w:ElementInType w:name="j:OffenseCargoTheftIndicator"
      w:isReference="false" w:minOccurs="0" w:maxOccurs="unbounded"/>
    <w:ElementInType w:name="j:OffenseStructuresEnteredQuantity"
      w:isReference="false" w:minOccurs="0" w:maxOccurs="unbounded"/>
    <w:ElementInType w:name="j:OffenseFactor" w:isReference="false"
      w:minOccurs="0" w:maxOccurs="unbounded"/>
    <w:ElementInType w:name="j:OffenseEntryPoint" w:isReference="false"
      w:minOccurs="0" w:maxOccurs="unbounded"/>
    <w:ElementInType w:name="j:OffenseForce" w:isReference="false"
      w:minOccurs="0" w:maxOccurs="unbounded"/>
    <w:ElementInType w:name="j:OffenseAttemptedIndicator"
      w:isReference="false" w:minOccurs="0" w:maxOccurs="unbounded"/>
    <w:ElementInType w:name="j:OffenseGangInvolvementCategory"
      w:isReference="false" w:minOccurs="0" w:maxOccurs="unbounded"/>
  </w:Type>
  <w:Type w:name="j:OffenseVictimAssociationType" w:isRequested="false">
    <w:ElementInType w:name="j:Offense" w:isReference="false"
      w:minOccurs="0" w:maxOccurs="unbounded"/>
    <w:ElementInType w:name="j:Victim" w:isReference="false"
      w:minOccurs="0" w:maxOccurs="unbounded"/>
  </w:Type>
  <w:Type w:name="j:OrganizationAugmentationType" w:isRequested="false">
    <w:ElementInType w:name="j:OrganizationIdentification"
      w:isReference="false" w:minOccurs="0" w:maxOccurs="unbounded"/>
  </w:Type>
  <w:Type w:name="j:PassagePointType" w:isRequested="false">
    <w:ElementInType w:name="j:PassagePointMethod" w:isReference="false"
      w:minOccurs="0" w:maxOccurs="unbounded"/>
  </w:Type>
  <w:Type w:name="j:PersonAugmentationType" w:isRequested="true">
    <w:ElementInType w:name="j:PersonAgeMeasure" w:isReference="false"
      w:minOccurs="0" w:maxOccurs="unbounded"/>
  </w:Type>
  <w:Type w:name="j:SubjectType" w:isRequested="false">
    <w:ElementInType w:name="nc:RoleOfPerson" w:isReference="false"
      w:minOccurs="0" w:maxOccurs="unbounded"/>
    <w:ElementInType w:name="j:SubjectSequenceNumberText"
      w:isReference="false" w:minOccurs="0" w:maxOccurs="unbounded"/>
    <w:ElementInType w:name="j:SubjectArmedWeapon" w:isReference="false"
      w:minOccurs="0" w:maxOccurs="unbounded"/>
    <w:ElementInType w:name="j:SubjectAugmentationPoint"
      w:isReference="false" w:minOccurs="0" w:maxOccurs="unbounded"/>
  </w:Type>
  <w:Type w:name="j:SubjectVictimAssociationType" w:isRequested="true">
    <w:ElementInType w:name="j:Subject" w:isReference="false"
      w:minOccurs="0" w:maxOccurs="unbounded"/>
    <w:ElementInType w:name="j:Victim" w:isReference="false"
      w:minOccurs="0" w:maxOccurs="unbounded"/>
    <w:ElementInType w:name="j:VictimToSubjectRelationship"
      w:isReference="false" w:minOccurs="0" w:maxOccurs="unbounded"/>
  </w:Type>
  <w:Type w:name="j:VictimType" w:isRequested="false">
    <w:ElementInType w:name="nc:RoleOfPerson" w:isReference="false"
      w:minOccurs="0" w:maxOccurs="unbounded"/>
    <w:ElementInType w:name="nc:RoleOfOrganization"
      w:isReference="false" w:minOccurs="0" w:maxOccurs="unbounded"/>
    <w:ElementInType w:name="j:VictimSequenceNumberText"
      w:isReference="false" w:minOccurs="0" w:maxOccurs="unbounded"/>
    <w:ElementInType w:name="j:VictimInjury" w:isReference="false"
      w:minOccurs="0" w:maxOccurs="unbounded"/>
    <w:ElementInType w:name="j:VictimCategory" w:isReference="false"
      w:minOccurs="0" w:maxOccurs="unbounded"/>
    <w:ElementInType w:name="j:VictimAggravatedAssaultHomicideFactor"
      w:isReference="false" w:minOccurs="0" w:maxOccurs="unbounded"/>
    <w:ElementInType w:name="j:VictimJustifiableHomicideFactor"
      w:isReference="false" w:minOccurs="0" w:maxOccurs="unbounded"/>
  </w:Type>
  <w:Type w:name="nc:ActivityType" w:isRequested="false">
    <w:ElementInType w:name="nc:ActivityIdentification"
      w:isReference="false" w:minOccurs="0" w:maxOccurs="unbounded"/>
    <w:ElementInType w:name="nc:ActivityDateRepresentation"
      w:isReference="false" w:minOccurs="0" w:maxOccurs="unbounded"/>
    <w:ElementInType w:name="nc:ActivityAugmentationPoint"
      w:isReference="false" w:minOccurs="0" w:maxOccurs="unbounded"/>
  </w:Type>
  <w:Type w:name="nc:AmountType" w:isRequested="false">
    <w:ElementInType w:name="nc:Amount" w:isReference="false"
      w:minOccurs="0" w:maxOccurs="unbounded"/>
  </w:Type>
  <w:Type w:name="nc:AssociationType" w:isRequested="true"/>
  <w:Type w:name="nc:DateType" w:isRequested="false">
    <w:ElementInType w:name="nc:DateRepresentation"
      w:isReference="false" w:minOccurs="0" w:maxOccurs="unbounded"/>
  </w:Type>
  <w:Type w:name="nc:IdentificationType" w:isRequested="false">
    <w:ElementInType w:name="nc:IdentificationID" w:isReference="false"
      w:minOccurs="0" w:maxOccurs="unbounded"/>
  </w:Type>
  <w:Type w:name="nc:IncidentType" w:isRequested="false">
    <w:ElementInType w:name="nc:IncidentAugmentationPoint"
      w:isReference="false" w:minOccurs="0" w:maxOccurs="unbounded"/>
  </w:Type>
  <w:Type w:name="nc:InjuryType" w:isRequested="true">
    <w:ElementInType w:name="nc:InjuryCategory" w:isReference="false"
      w:minOccurs="0" w:maxOccurs="unbounded"/>
  </w:Type>
  <w:Type w:name="nc:IntegerRangeType" w:isRequested="false">
    <w:ElementInType w:name="nc:RangeMaximumIntegerValue"
      w:isReference="false" w:minOccurs="0" w:maxOccurs="unbounded"/>
    <w:ElementInType w:name="nc:RangeMinimumIntegerValue"
      w:isReference="false" w:minOccurs="0" w:maxOccurs="unbounded"/>
  </w:Type>
  <w:Type w:name="nc:ItemType" w:isRequested="false">
    <w:ElementInType w:name="nc:ItemDescriptionText"
      w:isReference="false" w:minOccurs="0" w:maxOccurs="unbounded"/>
    <w:ElementInType w:name="nc:ItemStatus" w:isReference="false"
      w:minOccurs="0" w:maxOccurs="unbounded"/>
    <w:ElementInType w:name="nc:ItemValue" w:isReference="false"
      w:minOccurs="0" w:maxOccurs="unbounded"/>
    <w:ElementInType w:name="nc:ItemCategory" w:isReference="false"
      w:minOccurs="0" w:maxOccurs="unbounded"/>
    <w:ElementInType w:name="nc:ItemQuantity" w:isReference="false"
      w:minOccurs="0" w:maxOccurs="unbounded"/>
  </w:Type>
  <w:Type w:name="nc:ItemValueType" w:isRequested="false">
    <w:ElementInType w:name="nc:ItemValueAmount" w:isReference="false"
      w:minOccurs="0" w:maxOccurs="unbounded"/>
    <w:ElementInType w:name="nc:ItemValueDate" w:isReference="false"
      w:minOccurs="0" w:maxOccurs="unbounded"/>
  </w:Type>
  <w:Type w:name="nc:LocationType" w:isRequested="false">
    <w:ElementInType w:name="nc:LocationCategory" w:isReference="false"
      w:minOccurs="0" w:maxOccurs="unbounded"/>
  </w:Type>
  <w:Type w:name="nc:MeasureType" w:isRequested="false">
    <w:ElementInType w:name="nc:MeasureValue" w:isReference="false"
      w:minOccurs="0" w:maxOccurs="unbounded"/>
    <w:ElementInType w:name="nc:MeasureUnit" w:isReference="false"
      w:minOccurs="0" w:maxOccurs="unbounded"/>
  </w:Type>
  <w:Type w:name="nc:OrganizationType" w:isRequested="false">
    <w:ElementInType w:name="nc:OrganizationAugmentationPoint"
      w:isReference="false" w:minOccurs="0" w:maxOccurs="unbounded"/>
  </w:Type>
  <w:Type w:name="nc:PersonType" w:isRequested="false">
    <w:ElementInType w:name="nc:PersonAgeMeasure" w:isReference="false"
      w:minOccurs="0" w:maxOccurs="unbounded"/>
    <w:ElementInType w:name="nc:PersonEthnicity" w:isReference="false"
      w:minOccurs="0" w:maxOccurs="unbounded"/>
    <w:ElementInType w:name="nc:PersonInjury" w:isReference="false"
      w:minOccurs="0" w:maxOccurs="unbounded"/>
    <w:ElementInType w:name="nc:PersonRace" w:isReference="false"
      w:minOccurs="0" w:maxOccurs="unbounded"/>
    <w:ElementInType w:name="nc:PersonResident" w:isReference="false"
      w:minOccurs="0" w:maxOccurs="unbounded"/>
    <w:ElementInType w:name="nc:PersonSex" w:isReference="false"
      w:minOccurs="0" w:maxOccurs="unbounded"/>
    <w:ElementInType w:name="nc:PersonAugmentationPoint"
      w:isReference="false" w:minOccurs="0" w:maxOccurs="unbounded"/>
  </w:Type>
  <w:Type w:name="nc:StatusType" w:isRequested="false">
    <w:ElementInType w:name="nc:StatusDesignator" w:isReference="false"
      w:minOccurs="0" w:maxOccurs="unbounded"/>
  </w:Type>
  <w:Type w:name="nc:SubstanceType" w:isRequested="false">
    <w:ElementInType w:name="nc:SubstanceCategory" w:isReference="false"
      w:minOccurs="0" w:maxOccurs="unbounded"/>
    <w:ElementInType w:name="nc:SubstanceQuantityMeasure"
      w:isReference="false" w:minOccurs="0" w:maxOccurs="unbounded"/>
  </w:Type>
  <w:Type w:name="nc:WeaponType" w:isRequested="false">
    <w:ElementInType w:name="nc:WeaponAugmentationPoint"
      w:isReference="false" w:minOccurs="0" w:maxOccurs="unbounded"/>
  </w:Type>
  <w:Type w:name="ncic:SEXCodeSimpleType" w:isRequested="false">
    <w:Facet w:facet="enumeration" w:value="F"/>
    <w:Facet w:facet="enumeration" w:value="M"/>
    <w:Facet w:facet="enumeration" w:value="U"/>
  </w:Type>
  <w:Type w:name="ndex:BiasMotivationCodeSimpleType" w:isRequested="false">
    <w:Facet w:facet="enumeration" w:value="ANTIAMERICAN INDIAN_ ALASKAN NATIVE"/>
    <w:Facet w:facet="enumeration" w:value="ANTIARAB"/>
    <w:Facet w:facet="enumeration" w:value="ANTIASIAN"/>
    <w:Facet w:facet="enumeration" w:value="ANTIATHEIST_AGNOSTIC"/>
    <w:Facet w:facet="enumeration" w:value="ANTIBISEXUAL"/>
    <w:Facet w:facet="enumeration" w:value="ANTIBLACK_AFRICAN AMERICAN"/>
    <w:Facet w:facet="enumeration" w:value="ANTIBUDDHIST"/>
    <w:Facet w:facet="enumeration" w:value="ANTICATHOLIC"/>
    <w:Facet w:facet="enumeration" w:value="ANTIDISABLED"/>
    <w:Facet w:facet="enumeration" w:value="ANTIEASTERNORTHODOX"/>
    <w:Facet w:facet="enumeration" w:value="ANTIFEMALE"/>
    <w:Facet w:facet="enumeration" w:value="ANTIFEMALE HOMOSEXUAL"/>
    <w:Facet w:facet="enumeration" w:value="ANTIGENDER_NONCONFORMING"/>
    <w:Facet w:facet="enumeration" w:value="ANTIHETEROSEXUAL"/>
    <w:Facet w:facet="enumeration" w:value="ANTIHINDU"/>
    <w:Facet w:facet="enumeration" w:value="ANTIHISPANIC_LATINO"/>
    <w:Facet w:facet="enumeration" w:value="ANTIHOMOSEXUAL"/>
    <w:Facet w:facet="enumeration" w:value="ANTIISLAMIC"/>
    <w:Facet w:facet="enumeration" w:value="ANTIJEHOVAHWITNESS"/>
    <w:Facet w:facet="enumeration" w:value="ANTIJEWISH"/>
    <w:Facet w:facet="enumeration" w:value="ANTIMALE"/>
    <w:Facet w:facet="enumeration" w:value="ANTIMALE HOMOSEXUAL"/>
    <w:Facet w:facet="enumeration" w:value="ANTIMENTAL DISABILITY"/>
    <w:Facet w:facet="enumeration" w:value="ANTIMORMON"/>
    <w:Facet w:facet="enumeration" w:value="ANTIMULTIRACIAL GROUP"/>
    <w:Facet w:facet="enumeration" w:value="ANTIMULTIRELIGIOUS GROUP"/>
    <w:Facet w:facet="enumeration" w:value="ANTINATIVEHAWAIIAN_OTHERPACIFICISLANDER"/>
    <w:Facet w:facet="enumeration" w:value="ANTIOTHER CHRISTIAN"/>
    <w:Facet w:facet="enumeration" w:value="ANTIOTHER ETHNICITY_NATIONAL ORIGIN"/>
    <w:Facet w:facet="enumeration" w:value="ANTIOTHER RELIGION"/>
    <w:Facet w:facet="enumeration" w:value="ANTIPHYSICAL DISABILITY"/>
    <w:Facet w:facet="enumeration" w:value="ANTIPROTESTANT"/>
    <w:Facet w:facet="enumeration" w:value="ANTISIKH"/>
    <w:Facet w:facet="enumeration" w:value="ANTITRANSGENDER"/>
    <w:Facet w:facet="enumeration" w:value="ANTIWHITE"/>
    <w:Facet w:facet="enumeration" w:value="GENDER BIAS"/>
    <w:Facet w:facet="enumeration" w:value="NONE"/>
    <w:Facet w:facet="enumeration" w:value="POLITICAL AFFILIATION BIAS"/>
    <w:Facet w:facet="enumeration" w:value="UNKNOWN"/>
  </w:Type>
  <w:Type w:name="ndex:BiasMotivationCodeType" w:isRequested="true"/>
  <w:Type w:name="ndex:GangInvolvementCategoryCodeSimpleType" w:isRequested="false">
    <w:Facet w:facet="enumeration" w:value="G"/>
    <w:Facet w:facet="enumeration" w:value="J"/>
    <w:Facet w:facet="enumeration" w:value="N"/>
  </w:Type>
  <w:Type w:name="ndex:GangInvolvementCategoryCodeType" w:isRequested="true"/>
  <w:Type w:name="ndex:IncidentStatusCodeSimpleType" w:isRequested="false">
    <w:Facet w:facet="enumeration" w:value="ACTIVE"/>
    <w:Facet w:facet="enumeration" w:value="ADMINISTRATIVELY CLOSED"/>
    <w:Facet w:facet="enumeration" w:value="CLEARED BY ARREST"/>
    <w:Facet w:facet="enumeration" w:value="CLEARED BY EXCEPTIONAL MEANS"/>
    <w:Facet w:facet="enumeration" w:value="CLOSED"/>
    <w:Facet w:facet="enumeration" w:value="COLD"/>
    <w:Facet w:facet="enumeration" w:value="INACTIVE"/>
    <w:Facet w:facet="enumeration" w:value="OPEN"/>
    <w:Facet w:facet="enumeration" w:value="PENDING"/>
    <w:Facet w:facet="enumeration" w:value="RE_OPENED"/>
    <w:Facet w:facet="enumeration" w:value="UNFOUNDED"/>
  </w:Type>
  <w:Type w:name="ndex:JuvenileDispositionCodeSimpleType" w:isRequested="false">
    <w:Facet w:facet="enumeration" w:value="C"/>
    <w:Facet w:facet="enumeration" w:value="H"/>
    <w:Facet w:facet="enumeration" w:value="J"/>
    <w:Facet w:facet="enumeration" w:value="R"/>
    <w:Facet w:facet="enumeration" w:value="w"/>
  </w:Type>
  <w:Type w:name="ndex:RACCodeSimpleType" w:isRequested="false">
    <w:Facet w:facet="enumeration" w:value="A"/>
    <w:Facet w:facet="enumeration" w:value="B"/>
    <w:Facet w:facet="enumeration" w:value="I"/>
    <w:Facet w:facet="enumeration" w:value="P"/>
    <w:Facet w:facet="enumeration" w:value="U"/>
    <w:Facet w:facet="enumeration" w:value="W"/>
  </w:Type>
  <w:Type w:name="ndex:RACCodeType" w:isRequested="true"/>
  <w:Type w:name="ndex:VictimToSubjectRelationshipCodeSimpleType" w:isRequested="false">
    <w:Facet w:facet="enumeration" w:value="Accomplice"/>
    <w:Facet w:facet="enumeration" w:value="Acquaintance"/>
    <w:Facet w:facet="enumeration" w:value="Authority Figure"/>
    <w:Facet w:facet="enumeration" w:value="Babysittee"/>
    <w:Facet w:facet="enumeration" w:value="Babysitter"/>
    <w:Facet w:facet="enumeration" w:value="Boyfriend"/>
    <w:Facet w:facet="enumeration" w:value="Caregiver"/>
    <w:Facet w:facet="enumeration" w:value="Child of Boyfriend_Girlfriend"/>
    <w:Facet w:facet="enumeration" w:value="Client"/>
    <w:Facet w:facet="enumeration" w:value="Cohabitant"/>
    <w:Facet w:facet="enumeration" w:value="Delivery Person"/>
    <w:Facet w:facet="enumeration" w:value="Employee"/>
    <w:Facet w:facet="enumeration" w:value="Employer"/>
    <w:Facet w:facet="enumeration" w:value="Ex_Spouse"/>
    <w:Facet w:facet="enumeration" w:value="Family Member"/>
    <w:Facet w:facet="enumeration" w:value="Family Member_Aunt"/>
    <w:Facet w:facet="enumeration" w:value="Family Member_Child"/>
    <w:Facet w:facet="enumeration" w:value="Family Member_Cousin"/>
    <w:Facet w:facet="enumeration" w:value="Family Member_Foster Child"/>
    <w:Facet w:facet="enumeration" w:value="Family Member_Foster Parent"/>
    <w:Facet w:facet="enumeration" w:value="Family Member_Grandchild"/>
    <w:Facet w:facet="enumeration" w:value="Family Member_Grandparent"/>
    <w:Facet w:facet="enumeration" w:value="Family Member_In-Law"/>
    <w:Facet w:facet="enumeration" w:value="Family Member_Nephew"/>
    <w:Facet w:facet="enumeration" w:value="Family Member_Niece"/>
    <w:Facet w:facet="enumeration" w:value="Family Member_Parent"/>
    <w:Facet w:facet="enumeration" w:value="Family Member_Sibling"/>
    <w:Facet w:facet="enumeration" w:value="Family Member_Spouse"/>
    <w:Facet w:facet="enumeration" w:value="Family Member_Spouse_Common Law"/>
    <w:Facet w:facet="enumeration" w:value="Family Member_Stepchild"/>
    <w:Facet w:facet="enumeration" w:value="Family Member_Stepparent"/>
    <w:Facet w:facet="enumeration" w:value="Family Member_Stepsibling"/>
    <w:Facet w:facet="enumeration" w:value="Family Member_Uncle"/>
    <w:Facet w:facet="enumeration" w:value="Former Employee"/>
    <w:Facet w:facet="enumeration" w:value="Former Employer"/>
    <w:Facet w:facet="enumeration" w:value="Friend"/>
    <w:Facet w:facet="enumeration" w:value="Girlfriend"/>
    <w:Facet w:facet="enumeration" w:value="Guardian"/>
    <w:Facet w:facet="enumeration" w:value="Homosexual relationship"/>
    <w:Facet w:facet="enumeration" w:value="Neighbor"/>
    <w:Facet w:facet="enumeration" w:value="NonFamily_Otherwise Known"/>
    <w:Facet w:facet="enumeration" w:value="Patient"/>
    <w:Facet w:facet="enumeration" w:value="Relationship Unknown"/>
    <w:Facet w:facet="enumeration" w:value="Stranger"/>
    <w:Facet w:facet="enumeration" w:value="Student"/>
    <w:Facet w:facet="enumeration" w:value="Teacher"/>
    <w:Facet w:facet="enumeration" w:value="Victim Was Offender"/>
  </w:Type>
  <w:Type w:name="ucr:AggravatedAssaultHomicideFactorsCodeSimpleType" w:isRequested="false">
    <w:Facet w:facet="enumeration" w:value="01"/>
    <w:Facet w:facet="enumeration" w:value="02"/>
    <w:Facet w:facet="enumeration" w:value="03"/>
    <w:Facet w:facet="enumeration" w:value="04"/>
    <w:Facet w:facet="enumeration" w:value="05"/>
    <w:Facet w:facet="enumeration" w:value="06"/>
    <w:Facet w:facet="enumeration" w:value="07"/>
    <w:Facet w:facet="enumeration" w:value="08"/>
    <w:Facet w:facet="enumeration" w:value="09"/>
    <w:Facet w:facet="enumeration" w:value="10"/>
    <w:Facet w:facet="enumeration" w:value="20"/>
    <w:Facet w:facet="enumeration" w:value="21"/>
    <w:Facet w:facet="enumeration" w:value="30"/>
    <w:Facet w:facet="enumeration" w:value="31"/>
    <w:Facet w:facet="enumeration" w:value="32"/>
    <w:Facet w:facet="enumeration" w:value="33"/>
    <w:Facet w:facet="enumeration" w:value="34"/>
  </w:Type>
  <w:Type w:name="ucr:AggravatedAssaultHomicideFactorsCodeType" w:isRequested="true"/>
  <w:Type w:name="ucr:ArrestCategoryCodeSimpleType" w:isRequested="false">
    <w:Facet w:facet="enumeration" w:value="O"/>
    <w:Facet w:facet="enumeration" w:value="S"/>
    <w:Facet w:facet="enumeration" w:value="T"/>
  </w:Type>
  <w:Type w:name="ucr:ArresteeWeaponCodeSimpleType" w:isRequested="false">
    <w:Facet w:facet="enumeration" w:value="01"/>
    <w:Facet w:facet="enumeration" w:value="11"/>
    <w:Facet w:facet="enumeration" w:value="11A"/>
    <w:Facet w:facet="enumeration" w:value="12"/>
    <w:Facet w:facet="enumeration" w:value="12A"/>
    <w:Facet w:facet="enumeration" w:value="13"/>
    <w:Facet w:facet="enumeration" w:value="13A"/>
    <w:Facet w:facet="enumeration" w:value="14"/>
    <w:Facet w:facet="enumeration" w:value="14A"/>
    <w:Facet w:facet="enumeration" w:value="15"/>
    <w:Facet w:facet="enumeration" w:value="15A"/>
    <w:Facet w:facet="enumeration" w:value="16"/>
    <w:Facet w:facet="enumeration" w:value="17"/>
  </w:Type>
  <w:Type w:name="ucr:CriminalActivityCategoryCodeSimpleType" w:isRequested="true">
    <w:Facet w:facet="enumeration" w:value="B"/>
    <w:Facet w:facet="enumeration" w:value="C"/>
    <w:Facet w:facet="enumeration" w:value="D"/>
    <w:Facet w:facet="enumeration" w:value="E"/>
    <w:Facet w:facet="enumeration" w:value="G"/>
    <w:Facet w:facet="enumeration" w:value="J"/>
    <w:Facet w:facet="enumeration" w:value="N"/>
    <w:Facet w:facet="enumeration" w:value="O"/>
    <w:Facet w:facet="enumeration" w:value="P"/>
    <w:Facet w:facet="enumeration" w:value="T"/>
    <w:Facet w:facet="enumeration" w:value="U"/>
  </w:Type>
  <w:Type w:name="ucr:CriminalActivityCategoryCodeType" w:isRequested="true"/>
  <w:Type w:name="ucr:DrugCategoryCodeSimpleType" w:isRequested="false">
    <w:Facet w:facet="enumeration" w:value="A"/>
    <w:Facet w:facet="enumeration" w:value="B"/>
    <w:Facet w:facet="enumeration" w:value="C"/>
    <w:Facet w:facet="enumeration" w:value="D"/>
    <w:Facet w:facet="enumeration" w:value="E"/>
    <w:Facet w:facet="enumeration" w:value="F"/>
    <w:Facet w:facet="enumeration" w:value="G"/>
    <w:Facet w:facet="enumeration" w:value="H"/>
    <w:Facet w:facet="enumeration" w:value="I"/>
    <w:Facet w:facet="enumeration" w:value="J"/>
    <w:Facet w:facet="enumeration" w:value="K"/>
    <w:Facet w:facet="enumeration" w:value="L"/>
    <w:Facet w:facet="enumeration" w:value="M"/>
    <w:Facet w:facet="enumeration" w:value="N"/>
    <w:Facet w:facet="enumeration" w:value="O"/>
    <w:Facet w:facet="enumeration" w:value="P"/>
    <w:Facet w:facet="enumeration" w:value="U"/>
    <w:Facet w:facet="enumeration" w:value="X"/>
  </w:Type>
  <w:Type w:name="ucr:DrugMeasurementCodeSimpleType" w:isRequested="false">
    <w:Facet w:facet="enumeration" w:value="DU"/>
    <w:Facet w:facet="enumeration" w:value="FO"/>
    <w:Facet w:facet="enumeration" w:value="GL"/>
    <w:Facet w:facet="enumeration" w:value="GM"/>
    <w:Facet w:facet="enumeration" w:value="KG"/>
    <w:Facet w:facet="enumeration" w:value="LB"/>
    <w:Facet w:facet="enumeration" w:value="LT"/>
    <w:Facet w:facet="enumeration" w:value="ML"/>
    <w:Facet w:facet="enumeration" w:value="NP"/>
    <w:Facet w:facet="enumeration" w:value="OZ"/>
    <w:Facet w:facet="enumeration" w:value="XX"/>
  </w:Type>
  <w:Type w:name="ucr:EthnicityCodeSimpleType" w:isRequested="false">
    <w:Facet w:facet="enumeration" w:value="H"/>
    <w:Facet w:facet="enumeration" w:value="N"/>
    <w:Facet w:facet="enumeration" w:value="U"/>
  </w:Type>
  <w:Type w:name="ucr:ForceCategoryCodeSimpleType" w:isRequested="false">
    <w:Facet w:facet="enumeration" w:value="11"/>
    <w:Facet w:facet="enumeration" w:value="11A"/>
    <w:Facet w:facet="enumeration" w:value="12"/>
    <w:Facet w:facet="enumeration" w:value="12A"/>
    <w:Facet w:facet="enumeration" w:value="13"/>
    <w:Facet w:facet="enumeration" w:value="13A"/>
    <w:Facet w:facet="enumeration" w:value="14"/>
    <w:Facet w:facet="enumeration" w:value="14A"/>
    <w:Facet w:facet="enumeration" w:value="15"/>
    <w:Facet w:facet="enumeration" w:value="15A"/>
    <w:Facet w:facet="enumeration" w:value="20"/>
    <w:Facet w:facet="enumeration" w:value="30"/>
    <w:Facet w:facet="enumeration" w:value="35"/>
    <w:Facet w:facet="enumeration" w:value="40"/>
    <w:Facet w:facet="enumeration" w:value="50"/>
    <w:Facet w:facet="enumeration" w:value="60"/>
    <w:Facet w:facet="enumeration" w:value="65"/>
    <w:Facet w:facet="enumeration" w:value="70"/>
    <w:Facet w:facet="enumeration" w:value="85"/>
    <w:Facet w:facet="enumeration" w:value="90"/>
    <w:Facet w:facet="enumeration" w:value="95"/>
    <w:Facet w:facet="enumeration" w:value="99"/>
  </w:Type>
  <w:Type w:name="ucr:IncidentExceptionalClearanceCodeSimpleType" w:isRequested="false">
    <w:Facet w:facet="enumeration" w:value="A"/>
    <w:Facet w:facet="enumeration" w:value="B"/>
    <w:Facet w:facet="enumeration" w:value="C"/>
    <w:Facet w:facet="enumeration" w:value="D"/>
    <w:Facet w:facet="enumeration" w:value="E"/>
    <w:Facet w:facet="enumeration" w:value="N"/>
  </w:Type>
  <w:Type w:name="ucr:IncidentFactorCodeSimpleType" w:isRequested="false">
    <w:Facet w:facet="enumeration" w:value="A"/>
    <w:Facet w:facet="enumeration" w:value="C"/>
    <w:Facet w:facet="enumeration" w:value="D"/>
    <w:Facet w:facet="enumeration" w:value="N"/>
  </w:Type>
  <w:Type w:name="ucr:IncidentFactorCodeType" w:isRequested="true"/>
  <w:Type w:name="ucr:InjuryCategoryCodeSimpleType" w:isRequested="true">
    <w:Facet w:facet="enumeration" w:value="B"/>
    <w:Facet w:facet="enumeration" w:value="I"/>
    <w:Facet w:facet="enumeration" w:value="L"/>
    <w:Facet w:facet="enumeration" w:value="M"/>
    <w:Facet w:facet="enumeration" w:value="N"/>
    <w:Facet w:facet="enumeration" w:value="O"/>
    <w:Facet w:facet="enumeration" w:value="T"/>
    <w:Facet w:facet="enumeration" w:value="U"/>
  </w:Type>
  <w:Type w:name="ucr:InjuryCategoryCodeType" w:isRequested="true"/>
  <w:Type w:name="ucr:JustifiableHomicideFactorsCodeSimpleType" w:isRequested="false">
    <w:Facet w:facet="enumeration" w:value="A"/>
    <w:Facet w:facet="enumeration" w:value="B"/>
    <w:Facet w:facet="enumeration" w:value="C"/>
    <w:Facet w:facet="enumeration" w:value="D"/>
    <w:Facet w:facet="enumeration" w:value="E"/>
    <w:Facet w:facet="enumeration" w:value="F"/>
    <w:Facet w:facet="enumeration" w:value="G"/>
  </w:Type>
  <w:Type w:name="ucr:JustifiableHomicideFactorsCodeType" w:isRequested="true"/>
  <w:Type w:name="ucr:LEOKAActivityCategoryCodeSimpleType" w:isRequested="false">
    <w:Facet w:facet="enumeration" w:value="01"/>
    <w:Facet w:facet="enumeration" w:value="02"/>
    <w:Facet w:facet="enumeration" w:value="03"/>
    <w:Facet w:facet="enumeration" w:value="04"/>
    <w:Facet w:facet="enumeration" w:value="05"/>
    <w:Facet w:facet="enumeration" w:value="06"/>
    <w:Facet w:facet="enumeration" w:value="07"/>
    <w:Facet w:facet="enumeration" w:value="08"/>
    <w:Facet w:facet="enumeration" w:value="09"/>
    <w:Facet w:facet="enumeration" w:value="10"/>
    <w:Facet w:facet="enumeration" w:value="11"/>
  </w:Type>
  <w:Type w:name="ucr:LEOKAActivityCategoryCodeType" w:isRequested="true"/>
  <w:Type w:name="ucr:LEOKAOfficerAssignmentCategoryCodeSimpleType" w:isRequested="false">
    <w:Facet w:facet="enumeration" w:value="F"/>
    <w:Facet w:facet="enumeration" w:value="G"/>
    <w:Facet w:facet="enumeration" w:value="H"/>
    <w:Facet w:facet="enumeration" w:value="I"/>
    <w:Facet w:facet="enumeration" w:value="J"/>
    <w:Facet w:facet="enumeration" w:value="K"/>
    <w:Facet w:facet="enumeration" w:value="L"/>
  </w:Type>
  <w:Type w:name="ucr:LEOKAOfficerAssignmentCategoryCodeType" w:isRequested="true"/>
  <w:Type w:name="ucr:LocationCategoryCodeSimpleType" w:isRequested="false">
    <w:Facet w:facet="enumeration" w:value="01"/>
    <w:Facet w:facet="enumeration" w:value="02"/>
    <w:Facet w:facet="enumeration" w:value="03"/>
    <w:Facet w:facet="enumeration" w:value="04"/>
    <w:Facet w:facet="enumeration" w:value="05"/>
    <w:Facet w:facet="enumeration" w:value="06"/>
    <w:Facet w:facet="enumeration" w:value="07"/>
    <w:Facet w:facet="enumeration" w:value="08"/>
    <w:Facet w:facet="enumeration" w:value="09"/>
    <w:Facet w:facet="enumeration" w:value="10"/>
    <w:Facet w:facet="enumeration" w:value="11"/>
    <w:Facet w:facet="enumeration" w:value="12"/>
    <w:Facet w:facet="enumeration" w:value="13"/>
    <w:Facet w:facet="enumeration" w:value="14"/>
    <w:Facet w:facet="enumeration" w:value="15"/>
    <w:Facet w:facet="enumeration" w:value="16"/>
    <w:Facet w:facet="enumeration" w:value="17"/>
    <w:Facet w:facet="enumeration" w:value="18"/>
    <w:Facet w:facet="enumeration" w:value="19"/>
    <w:Facet w:facet="enumeration" w:value="20"/>
    <w:Facet w:facet="enumeration" w:value="21"/>
    <w:Facet w:facet="enumeration" w:value="22"/>
    <w:Facet w:facet="enumeration" w:value="23"/>
    <w:Facet w:facet="enumeration" w:value="24"/>
    <w:Facet w:facet="enumeration" w:value="25"/>
    <w:Facet w:facet="enumeration" w:value="37"/>
    <w:Facet w:facet="enumeration" w:value="38"/>
    <w:Facet w:facet="enumeration" w:value="39"/>
    <w:Facet w:facet="enumeration" w:value="40"/>
    <w:Facet w:facet="enumeration" w:value="41"/>
    <w:Facet w:facet="enumeration" w:value="42"/>
    <w:Facet w:facet="enumeration" w:value="44"/>
    <w:Facet w:facet="enumeration" w:value="45"/>
    <w:Facet w:facet="enumeration" w:value="46"/>
    <w:Facet w:facet="enumeration" w:value="47"/>
    <w:Facet w:facet="enumeration" w:value="48"/>
    <w:Facet w:facet="enumeration" w:value="49"/>
    <w:Facet w:facet="enumeration" w:value="50"/>
    <w:Facet w:facet="enumeration" w:value="51"/>
    <w:Facet w:facet="enumeration" w:value="52"/>
    <w:Facet w:facet="enumeration" w:value="53"/>
    <w:Facet w:facet="enumeration" w:value="54"/>
    <w:Facet w:facet="enumeration" w:value="55"/>
    <w:Facet w:facet="enumeration" w:value="56"/>
    <w:Facet w:facet="enumeration" w:value="57"/>
  </w:Type>
  <w:Type w:name="ucr:MethodOfEntryCodeSimpleType" w:isRequested="false">
    <w:Facet w:facet="enumeration" w:value="F"/>
    <w:Facet w:facet="enumeration" w:value="N"/>
  </w:Type>
  <w:Type w:name="ucr:MethodOfEntryCodeType" w:isRequested="true"/>
  <w:Type w:name="ucr:MultipleArresteeSegmentsCodeSimpleType" w:isRequested="false">
    <w:Facet w:facet="enumeration" w:value="C"/>
    <w:Facet w:facet="enumeration" w:value="M"/>
    <w:Facet w:facet="enumeration" w:value="N"/>
  </w:Type>
  <w:Type w:name="ucr:OffenseCodeSimpleType" w:isRequested="false">
    <w:Facet w:facet="enumeration" w:value="09A"/>
    <w:Facet w:facet="enumeration" w:value="09B"/>
    <w:Facet w:facet="enumeration" w:value="09C"/>
    <w:Facet w:facet="enumeration" w:value="100"/>
    <w:Facet w:facet="enumeration" w:value="11A"/>
    <w:Facet w:facet="enumeration" w:value="11B"/>
    <w:Facet w:facet="enumeration" w:value="11C"/>
    <w:Facet w:facet="enumeration" w:value="11D"/>
    <w:Facet w:facet="enumeration" w:value="120"/>
    <w:Facet w:facet="enumeration" w:value="13A"/>
    <w:Facet w:facet="enumeration" w:value="13B"/>
    <w:Facet w:facet="enumeration" w:value="13C"/>
    <w:Facet w:facet="enumeration" w:value="200"/>
    <w:Facet w:facet="enumeration" w:value="210"/>
    <w:Facet w:facet="enumeration" w:value="220"/>
    <w:Facet w:facet="enumeration" w:value="23A"/>
    <w:Facet w:facet="enumeration" w:value="23B"/>
    <w:Facet w:facet="enumeration" w:value="23C"/>
    <w:Facet w:facet="enumeration" w:value="23D"/>
    <w:Facet w:facet="enumeration" w:value="23E"/>
    <w:Facet w:facet="enumeration" w:value="23F"/>
    <w:Facet w:facet="enumeration" w:value="23G"/>
    <w:Facet w:facet="enumeration" w:value="23H"/>
    <w:Facet w:facet="enumeration" w:value="240"/>
    <w:Facet w:facet="enumeration" w:value="250"/>
    <w:Facet w:facet="enumeration" w:value="26A"/>
    <w:Facet w:facet="enumeration" w:value="26B"/>
    <w:Facet w:facet="enumeration" w:value="26C"/>
    <w:Facet w:facet="enumeration" w:value="26D"/>
    <w:Facet w:facet="enumeration" w:value="26E"/>
    <w:Facet w:facet="enumeration" w:value="270"/>
    <w:Facet w:facet="enumeration" w:value="280"/>
    <w:Facet w:facet="enumeration" w:value="290"/>
    <w:Facet w:facet="enumeration" w:value="35A"/>
    <w:Facet w:facet="enumeration" w:value="35B"/>
    <w:Facet w:facet="enumeration" w:value="36A"/>
    <w:Facet w:facet="enumeration" w:value="36B"/>
    <w:Facet w:facet="enumeration" w:value="370"/>
    <w:Facet w:facet="enumeration" w:value="39A"/>
    <w:Facet w:facet="enumeration" w:value="39B"/>
    <w:Facet w:facet="enumeration" w:value="39C"/>
    <w:Facet w:facet="enumeration" w:value="39D"/>
    <w:Facet w:facet="enumeration" w:value="40A"/>
    <w:Facet w:facet="enumeration" w:value="40B"/>
    <w:Facet w:facet="enumeration" w:value="40C"/>
    <w:Facet w:facet="enumeration" w:value="510"/>
    <w:Facet w:facet="enumeration" w:value="520"/>
    <w:Facet w:facet="enumeration" w:value="64A"/>
    <w:Facet w:facet="enumeration" w:value="64B"/>
    <w:Facet w:facet="enumeration" w:value="90A"/>
    <w:Facet w:facet="enumeration" w:value="90B"/>
    <w:Facet w:facet="enumeration" w:value="90C"/>
    <w:Facet w:facet="enumeration" w:value="90D"/>
    <w:Facet w:facet="enumeration" w:value="90E"/>
    <w:Facet w:facet="enumeration" w:value="90F"/>
    <w:Facet w:facet="enumeration" w:value="90G"/>
    <w:Facet w:facet="enumeration" w:value="90H"/>
    <w:Facet w:facet="enumeration" w:value="90I"/>
    <w:Facet w:facet="enumeration" w:value="90J"/>
    <w:Facet w:facet="enumeration" w:value="90Z"/>
  </w:Type>
  <w:Type w:name="ucr:PropertyCategoryCodeSimpleType" w:isRequested="false">
    <w:Facet w:facet="enumeration" w:value="01"/>
    <w:Facet w:facet="enumeration" w:value="02"/>
    <w:Facet w:facet="enumeration" w:value="03"/>
    <w:Facet w:facet="enumeration" w:value="04"/>
    <w:Facet w:facet="enumeration" w:value="05"/>
    <w:Facet w:facet="enumeration" w:value="06"/>
    <w:Facet w:facet="enumeration" w:value="07"/>
    <w:Facet w:facet="enumeration" w:value="08"/>
    <w:Facet w:facet="enumeration" w:value="09"/>
    <w:Facet w:facet="enumeration" w:value="10"/>
    <w:Facet w:facet="enumeration" w:value="11"/>
    <w:Facet w:facet="enumeration" w:value="12"/>
    <w:Facet w:facet="enumeration" w:value="13"/>
    <w:Facet w:facet="enumeration" w:value="14"/>
    <w:Facet w:facet="enumeration" w:value="15"/>
    <w:Facet w:facet="enumeration" w:value="16"/>
    <w:Facet w:facet="enumeration" w:value="17"/>
    <w:Facet w:facet="enumeration" w:value="18"/>
    <w:Facet w:facet="enumeration" w:value="19"/>
    <w:Facet w:facet="enumeration" w:value="20"/>
    <w:Facet w:facet="enumeration" w:value="21"/>
    <w:Facet w:facet="enumeration" w:value="22"/>
    <w:Facet w:facet="enumeration" w:value="23"/>
    <w:Facet w:facet="enumeration" w:value="24"/>
    <w:Facet w:facet="enumeration" w:value="25"/>
    <w:Facet w:facet="enumeration" w:value="26"/>
    <w:Facet w:facet="enumeration" w:value="27"/>
    <w:Facet w:facet="enumeration" w:value="28"/>
    <w:Facet w:facet="enumeration" w:value="29"/>
    <w:Facet w:facet="enumeration" w:value="30"/>
    <w:Facet w:facet="enumeration" w:value="31"/>
    <w:Facet w:facet="enumeration" w:value="32"/>
    <w:Facet w:facet="enumeration" w:value="33"/>
    <w:Facet w:facet="enumeration" w:value="34"/>
    <w:Facet w:facet="enumeration" w:value="35"/>
    <w:Facet w:facet="enumeration" w:value="36"/>
    <w:Facet w:facet="enumeration" w:value="37"/>
    <w:Facet w:facet="enumeration" w:value="38"/>
    <w:Facet w:facet="enumeration" w:value="39"/>
    <w:Facet w:facet="enumeration" w:value="41"/>
    <w:Facet w:facet="enumeration" w:value="42"/>
    <w:Facet w:facet="enumeration" w:value="43"/>
    <w:Facet w:facet="enumeration" w:value="44"/>
    <w:Facet w:facet="enumeration" w:value="45"/>
    <w:Facet w:facet="enumeration" w:value="46"/>
    <w:Facet w:facet="enumeration" w:value="47"/>
    <w:Facet w:facet="enumeration" w:value="48"/>
    <w:Facet w:facet="enumeration" w:value="49"/>
    <w:Facet w:facet="enumeration" w:value="59"/>
    <w:Facet w:facet="enumeration" w:value="64"/>
    <w:Facet w:facet="enumeration" w:value="65"/>
    <w:Facet w:facet="enumeration" w:value="66"/>
    <w:Facet w:facet="enumeration" w:value="67"/>
    <w:Facet w:facet="enumeration" w:value="68"/>
    <w:Facet w:facet="enumeration" w:value="69"/>
    <w:Facet w:facet="enumeration" w:value="70"/>
    <w:Facet w:facet="enumeration" w:value="71"/>
    <w:Facet w:facet="enumeration" w:value="72"/>
    <w:Facet w:facet="enumeration" w:value="73"/>
    <w:Facet w:facet="enumeration" w:value="74"/>
    <w:Facet w:facet="enumeration" w:value="75"/>
    <w:Facet w:facet="enumeration" w:value="76"/>
    <w:Facet w:facet="enumeration" w:value="77"/>
    <w:Facet w:facet="enumeration" w:value="78"/>
    <w:Facet w:facet="enumeration" w:value="79"/>
    <w:Facet w:facet="enumeration" w:value="80"/>
    <w:Facet w:facet="enumeration" w:value="88"/>
    <w:Facet w:facet="enumeration" w:value="99"/>
  </w:Type>
  <w:Type w:name="ucr:PropertyCategoryCodeType" w:isRequested="true"/>
  <w:Type w:name="ucr:ResidentCodeSimpleType" w:isRequested="false">
    <w:Facet w:facet="enumeration" w:value="N"/>
    <w:Facet w:facet="enumeration" w:value="R"/>
    <w:Facet w:facet="enumeration" w:value="U"/>
  </w:Type>
  <w:Type w:name="ucr:VictimCategoryCodeSimpleType" w:isRequested="false">
    <w:Facet w:facet="enumeration" w:value="B"/>
    <w:Facet w:facet="enumeration" w:value="F"/>
    <w:Facet w:facet="enumeration" w:value="G"/>
    <w:Facet w:facet="enumeration" w:value="I"/>
    <w:Facet w:facet="enumeration" w:value="L"/>
    <w:Facet w:facet="enumeration" w:value="O"/>
    <w:Facet w:facet="enumeration" w:value="R"/>
    <w:Facet w:facet="enumeration" w:value="S"/>
    <w:Facet w:facet="enumeration" w:value="U"/>
  </w:Type>
  <w:Type w:name="ucr:VictimCategoryCodeType" w:isRequested="true"/>
  <w:Type w:name="unece:TimeCodeSimpleType" w:isRequested="false">
    <w:Facet w:facet="enumeration" w:value="ANN"/>
    <w:Facet w:facet="enumeration" w:value="B52"/>
    <w:Facet w:facet="enumeration" w:value="B98"/>
    <w:Facet w:facet="enumeration" w:value="C26"/>
    <w:Facet w:facet="enumeration" w:value="C47"/>
    <w:Facet w:facet="enumeration" w:value="D42"/>
    <w:Facet w:facet="enumeration" w:value="DAY"/>
    <w:Facet w:facet="enumeration" w:value="HUR"/>
    <w:Facet w:facet="enumeration" w:value="MIN"/>
    <w:Facet w:facet="enumeration" w:value="MON"/>
    <w:Facet w:facet="enumeration" w:value="SEC"/>
    <w:Facet w:facet="enumeration" w:value="WEE"/>
  </w:Type>
</w:WantList>
