<?xml version="1.0" encoding="US-ASCII"?>
<!DOCTYPE catalog PUBLIC "-//OASIS//DTD Entity Resolution XML Catalog V1.0//EN" "http://www.oasis-open.org/committees/entity/release/1.0/catalog.dtd">
<catalog prefer="public" xmlns="urn:oasis:names:tc:entity:xmlns:xml:catalog">
  <uri name="http://release.niem.gov/niem/appinfo/3.0/" uri="appinfo/3.0/appinfo.xsd"/>
  <uri name="http://release.niem.gov/niem/codes/fbi_ncic/3.1/" uri="codes/fbi_ncic/3.1/fbi_ncic.xsd"/>
  <uri name="http://release.niem.gov/niem/codes/fbi_ndex/3.1/" uri="codes/fbi_ndex/3.1/fbi_ndex.xsd"/>
  <uri name="http://release.niem.gov/niem/codes/fbi_ucr/3.0/" uri="codes/fbi_ucr/3.0/fbi_ucr.xsd"/>
  <uri name="http://release.niem.gov/niem/codes/unece_rec20/3.0/" uri="codes/unece_rec20/3.0/unece_rec20-misc.xsd"/>
  <uri name="http://release.niem.gov/niem/conformanceTargets/3.0/" uri="conformanceTargets/3.0/conformanceTargets.xsd"/>
  <uri name="http://release.niem.gov/niem/domains/jxdm/5.1/" uri="domains/jxdm/5.1/jxdm.xsd"/>
  <uri name="http://release.niem.gov/niem/localTerminology/3.0/" uri="localTerminology/3.0/localTerminology.xsd"/>
  <uri name="http://release.niem.gov/niem/niem-core/3.0/" uri="niem-core/3.0/niem-core.xsd"/>
  <uri name="http://release.niem.gov/niem/proxy/xsd/3.0/" uri="proxy/xsd/3.0/xs.xsd"/>
  <uri name="http://release.niem.gov/niem/structures/3.0/" uri="structures/3.0/structures.xsd"/>
</catalog>