<?xml version="1.0" encoding="UTF-8"?>
<nibrs:Submission 
    xmlns:nibrs="http://fbi.gov/cjis/nibrs/4.0" 
    xmlns:cjis="http://fbi.gov/cjis/1.0"
    xmlns:cjiscodes="http://fbi.gov/cjis/cjis-codes/1.0"
    xmlns:i="http://release.niem.gov/niem/appinfo/3.0/" 
    xmlns:ucr="http://release.niem.gov/niem/codes/fbi_ucr/3.0/" 
    xmlns:j="http://release.niem.gov/niem/domains/jxdm/5.1/" 
    xmlns:term="http://release.niem.gov/niem/localTerminology/3.0/" 
    xmlns:nc="http://release.niem.gov/niem/niem-core/3.0/"
    xmlns:niem-xsd="http://release.niem.gov/niem/proxy/xsd/3.0/"
    xmlns:s="http://release.niem.gov/niem/structures/3.0/"
    xmlns:xsi="http://www.w3.org/2001/XMLSchema-instance"
    xmlns:xsd="http://www.w3.org/2001/XMLSchema"
    xmlns:nibrscodes="http://fbi.gov/cjis/nibrs/nibrs-codes/4.0"
    xsi:schemaLocation="http://fbi.gov/cjis/nibrs/4.0 ../xsd/nibrs/4.0/nibrs.xsd">
    <nibrs:Report>
        <nibrs:ReportHeader>
            <!-- Submission Type -->
            <nibrs:NIBRSReportCategoryCode>ZERO REPORT</nibrs:NIBRSReportCategoryCode>
            <!-- Submission Action Type -->
            <nibrs:ReportActionCategoryCode>I</nibrs:ReportActionCategoryCode>
            <!-- Year/Month Of Report -->
            <nibrs:ReportDate>
                <nc:YearMonthDate>2016-02</nc:YearMonthDate>
            </nibrs:ReportDate>
            <nibrs:ReportingAgency>
                <j:OrganizationAugmentation>
                    <j:OrganizationORIIdentification>
                        <!-- Element 1, ORI Code -->
                        <nc:IdentificationID>WVNDX01</nc:IdentificationID>
                    </j:OrganizationORIIdentification>
                </j:OrganizationAugmentation>
            </nibrs:ReportingAgency>
        </nibrs:ReportHeader>
    </nibrs:Report>
</nibrs:Submission>