<?xml version="1.0" encoding="UTF-8"?>
<nibrs:Submission 
    xmlns:nibrs="http://fbi.gov/cjis/nibrs/4.2" 
    xmlns:cjis="http://fbi.gov/cjis/1.0"
    xmlns:cjiscodes="http://fbi.gov/cjis/cjis-codes/1.0"
    xmlns:i="http://release.niem.gov/niem/appinfo/3.0/" 
    xmlns:ucr="http://release.niem.gov/niem/codes/fbi_ucr/3.0/" 
    xmlns:j="http://release.niem.gov/niem/domains/jxdm/5.2/" 
    xmlns:term="http://release.niem.gov/niem/localTerminology/3.0/" 
    xmlns:nc="http://release.niem.gov/niem/niem-core/3.0/"
    xmlns:niem-xsd="http://release.niem.gov/niem/proxy/xsd/3.0/"
    xmlns:s="http://release.niem.gov/niem/structures/3.0/"
    xmlns:xsi="http://www.w3.org/2001/XMLSchema-instance"
    xmlns:xsd="http://www.w3.org/2001/XMLSchema"
    xmlns:nibrscodes="http://fbi.gov/cjis/nibrs/nibrs-codes/4.2"
    xsi:schemaLocation="http://fbi.gov/cjis/nibrs/4.2 ../base-xsd/nibrs/4.2/nibrs.xsd">
    
    <cjis:MessageMetadata>
        <!-- Message Timestamp -->
        <cjis:MessageDateTime>2017-03-23T03:00:00</cjis:MessageDateTime>
        <!-- Message ID -->
        <cjis:MessageIdentification>
            <nc:IdentificationID>123456</nc:IdentificationID>
        </cjis:MessageIdentification>
        <!-- NIBRS IEPD Version -->
        <cjis:MessageImplementationVersion>4.2</cjis:MessageImplementationVersion>
        <cjis:MessageSubmittingOrganization>
            <j:OrganizationAugmentation>
                <j:OrganizationORIIdentification>
                    <!-- Submitting Agency ORI -->
                    <nc:IdentificationID>FBI111111</nc:IdentificationID>
                </j:OrganizationORIIdentification>
            </j:OrganizationAugmentation>
        </cjis:MessageSubmittingOrganization>
    </cjis:MessageMetadata>
    
    <nibrs:Report>
        <nibrs:ReportHeader>
            <!-- Submission Type -->
            <nibrs:NIBRSReportCategoryCode>GROUP A INCIDENT REPORT</nibrs:NIBRSReportCategoryCode>
            <!-- Submission Action Type -->
            <nibrs:ReportActionCategoryCode>D</nibrs:ReportActionCategoryCode>
            <!-- Year/Month Of Report -->
            <nibrs:ReportDate>
                <nc:YearMonthDate>2016-02</nc:YearMonthDate>
            </nibrs:ReportDate>
            <nibrs:ReportingAgency>
                <j:OrganizationAugmentation>
                    <j:OrganizationORIIdentification>
                        <!-- Element 1, ORI Code -->
                        <nc:IdentificationID>WVNDX0100</nc:IdentificationID>
                    </j:OrganizationORIIdentification>
                </j:OrganizationAugmentation>
            </nibrs:ReportingAgency>
        </nibrs:ReportHeader>
        <nc:Incident>
            <nc:ActivityIdentification>
                <!-- Element 2, Incident Number -->
                <nc:IdentificationID>020160005029</nc:IdentificationID>
            </nc:ActivityIdentification>
            <!-- Element 3, Incident Date and Hour-->
        	<nc:ActivityDate>
        		<nc:DateTime>2016-02-16T10:00:00</nc:DateTime>
        	</nc:ActivityDate>
        </nc:Incident>
    </nibrs:Report>
</nibrs:Submission>